100,0.000000,0.000000,0.000000,0.000192
200,0.000000,0.000000,0.000000,0.000198
300,0.000000,0.000000,0.000000,0.000324
400,0.000000,0.000000,0.000000,0.000580
500,0.000000,0.000000,0.000000,0.000538
600,0.000000,0.000000,0.000000,0.000538
700,0.010000,0.000000,0.010000,0.001001
800,0.000000,0.000000,0.000000,0.001000
900,0.000000,0.000000,0.000000,0.001026
1000,0.000000,0.000000,0.000000,0.000992
1100,0.000000,0.000000,0.000000,0.001066
1200,0.000000,0.000000,0.000000,0.000991
1300,0.000000,0.000000,0.000000,0.002053
1400,0.000000,0.000000,0.000000,0.001943
1500,0.010000,0.000000,0.010000,0.001915
1600,0.000000,0.000000,0.000000,0.001965
1700,0.000000,0.000000,0.000000,0.001899
1800,0.000000,0.000000,0.000000,0.001964
1900,0.000000,0.000000,0.000000,0.001948
2000,0.010000,0.000000,0.010000,0.001893
2100,0.000000,0.000000,0.000000,0.001927
2200,0.000000,0.000000,0.000000,0.001905
2300,0.000000,0.000000,0.000000,0.003909
2400,0.010000,0.000000,0.010000,0.003581
2500,0.000000,0.000000,0.000000,0.003614
2600,0.000000,0.000000,0.000000,0.003914
2700,0.010000,0.000000,0.010000,0.003661
2800,0.000000,0.000000,0.000000,0.003660
2900,0.010000,0.000000,0.010000,0.003714
3000,0.000000,0.000000,0.000000,0.003717
3100,0.000000,0.000000,0.000000,0.003696
3200,0.010000,0.000000,0.010000,0.003735
3300,0.000000,0.000000,0.000000,0.003686
3400,0.000000,0.000000,0.000000,0.003689
3500,0.010000,0.000000,0.010000,0.003740
3600,0.000000,0.000000,0.000000,0.003627
3700,0.010000,0.000000,0.010000,0.003705
3800,0.000000,0.000000,0.000000,0.003743
3900,0.000000,0.000000,0.000000,0.003603
4000,0.010000,0.000000,0.010000,0.003691
4100,0.000000,0.000000,0.000000,0.003686
4200,0.010000,0.000000,0.010000,0.007501
4300,0.000000,0.000000,0.000000,0.007390
4400,0.010000,0.000000,0.010000,0.007297
4500,0.010000,0.000000,0.010000,0.007583
4600,0.010000,0.000000,0.010000,0.007402
4700,0.000000,0.000000,0.000000,0.007358
4800,0.010000,0.000000,0.010000,0.007224
4900,0.010000,0.000000,0.010000,0.007383
5000,0.010000,0.000000,0.010000,0.007310
5100,0.000000,0.000000,0.000000,0.007352
5200,0.010000,0.000000,0.010000,0.007349
5300,0.010000,0.000000,0.010000,0.007319
5400,0.000000,0.000000,0.000000,0.007345
5500,0.010000,0.000000,0.010000,0.007286
5600,0.010000,0.000000,0.010000,0.007270
5700,0.010000,0.000000,0.010000,0.007263
5800,0.000000,0.000000,0.000000,0.007300
5900,0.010000,0.010000,0.020000,0.007302
6000,0.010000,0.000000,0.010000,0.007519
6100,0.000000,0.000000,0.000000,0.007361
6200,0.010000,0.000000,0.010000,0.007517
6300,0.010000,0.000000,0.010000,0.007309
6400,0.010000,0.000000,0.010000,0.007327
6500,0.000000,0.000000,0.000000,0.007385
6600,0.010000,0.000000,0.010000,0.007299
6700,0.010000,0.000000,0.010000,0.007249
6800,0.010000,0.000000,0.010000,0.007350
6900,0.000000,0.000000,0.000000,0.007346
7000,0.010000,0.000000,0.010000,0.007285
7100,0.010000,0.000000,0.010000,0.007386
7200,0.000000,0.000000,0.000000,0.007298
7300,0.010000,0.000000,0.010000,0.007401
7400,0.010000,0.000000,0.010000,0.008273
7500,0.010000,0.000000,0.010000,0.007402
7600,0.010000,0.000000,0.010000,0.009276
7700,0.000000,0.000000,0.000000,0.007485
7800,0.010000,0.000000,0.010000,0.007299
7900,0.020000,0.000000,0.020000,0.014958
8000,0.010000,0.000000,0.010000,0.014853
8100,0.010000,0.000000,0.010000,0.014953
8200,0.020000,0.000000,0.020000,0.014824
8300,0.020000,0.000000,0.020000,0.017091
8400,0.010000,0.000000,0.010000,0.030997
8500,0.020000,0.000000,0.020000,0.017298
8600,0.010000,0.010000,0.020000,0.016977
8700,0.020000,0.000000,0.020000,0.018054
8800,0.010000,0.000000,0.010000,0.015192
8900,0.020000,0.000000,0.020000,0.015058
9000,0.010000,0.000000,0.010000,0.015221
9100,0.020000,0.000000,0.020000,0.015521
9200,0.010000,0.000000,0.010000,0.017786
9300,0.020000,0.000000,0.020000,0.016860
9400,0.020000,0.000000,0.020000,0.015256
9500,0.010000,0.000000,0.010000,0.017523
9600,0.020000,0.000000,0.020000,0.015560
9700,0.010000,0.000000,0.010000,0.015039
9800,0.020000,0.000000,0.020000,0.017568
9900,0.010000,0.010000,0.020000,0.015350
10000,0.020000,0.000000,0.020000,0.015399
10100,0.010000,0.000000,0.010000,0.015176
10200,0.020000,0.000000,0.020000,0.015056
10300,0.010000,0.000000,0.010000,0.015296
10400,0.020000,0.000000,0.020000,0.015308
10500,0.010000,0.000000,0.010000,0.015247
10600,0.020000,0.000000,0.020000,0.015205
10700,0.010000,0.000000,0.010000,0.015273
10800,0.020000,0.000000,0.020000,0.015306
10900,0.010000,0.000000,0.010000,0.017406
11000,0.020000,0.000000,0.020000,0.015402
11100,0.010000,0.000000,0.010000,0.015266
11200,0.020000,0.000000,0.020000,0.015721
11300,0.010000,0.000000,0.010000,0.015791
11400,0.020000,0.010000,0.030000,0.017496
11500,0.010000,0.000000,0.010000,0.015320
11600,0.020000,0.000000,0.020000,0.015261
11700,0.010000,0.000000,0.010000,0.015251
11800,0.020000,0.000000,0.020000,0.015070
11900,0.010000,0.000000,0.010000,0.015368
12000,0.020000,0.000000,0.020000,0.015402
12100,0.010000,0.000000,0.010000,0.016302
12200,0.020000,0.000000,0.020000,0.016049
12300,0.010000,0.000000,0.010000,0.015019
12400,0.020000,0.000000,0.020000,0.014926
12500,0.010000,0.000000,0.010000,0.015064
12600,0.020000,0.000000,0.020000,0.015552
12700,0.010000,0.000000,0.010000,0.014944
12800,0.020000,0.000000,0.020000,0.015719
12900,0.010000,0.000000,0.010000,0.016565
13000,0.020000,0.010000,0.030000,0.015214
13100,0.010000,0.000000,0.010000,0.015463
13200,0.020000,0.000000,0.020000,0.015482
13300,0.010000,0.000000,0.010000,0.015227
13400,0.020000,0.000000,0.020000,0.015122
13500,0.010000,0.000000,0.010000,0.015071
13600,0.020000,0.000000,0.020000,0.016712
13700,0.010000,0.000000,0.010000,0.015561
13800,0.020000,0.000000,0.020000,0.015245
13900,0.010000,0.000000,0.010000,0.015054
14000,0.020000,0.000000,0.020000,0.015454
14100,0.010000,0.000000,0.010000,0.015624
14200,0.020000,0.000000,0.020000,0.015623
14300,0.010000,0.000000,0.010000,0.015178
14400,0.020000,0.000000,0.020000,0.015534
14500,0.010000,0.010000,0.020000,0.017738
14600,0.020000,0.000000,0.020000,0.015670
14700,0.030000,0.000000,0.030000,0.031236
14800,0.030000,0.000000,0.030000,0.031482
14900,0.030000,0.000000,0.030000,0.033790
15000,0.030000,0.000000,0.030000,0.031530
15100,0.030000,0.010000,0.040000,0.033267
15200,0.030000,0.000000,0.030000,0.031626
15300,0.030000,0.000000,0.030000,0.031185
15400,0.030000,0.000000,0.030000,0.031390
15500,0.030000,0.000000,0.030000,0.030928
15600,0.030000,0.000000,0.030000,0.031392
15700,0.030000,0.000000,0.030000,0.033206
15800,0.030000,0.010000,0.040000,0.031183
15900,0.030000,0.000000,0.030000,0.030835
16000,0.030000,0.000000,0.030000,0.033394
16100,0.030000,0.000000,0.030000,0.031064
16200,0.030000,0.000000,0.030000,0.031193
16300,0.030000,0.000000,0.030000,0.031361
16400,0.030000,0.010000,0.040000,0.032814
16500,0.030000,0.000000,0.030000,0.031336
16600,0.030000,0.000000,0.030000,0.032859
16700,0.030000,0.000000,0.030000,0.030884
16800,0.030000,0.000000,0.030000,0.030896
16900,0.040000,0.000000,0.040000,0.034255
17000,0.030000,0.000000,0.030000,0.031668
17100,0.030000,0.010000,0.040000,0.032166
17200,0.030000,0.000000,0.030000,0.033208
17300,0.030000,0.000000,0.030000,0.030769
17400,0.030000,0.000000,0.030000,0.031527
17500,0.030000,0.000000,0.030000,0.031127
17600,0.030000,0.000000,0.030000,0.031011
17700,0.030000,0.010000,0.040000,0.032930
17800,0.030000,0.000000,0.030000,0.033411
17900,0.030000,0.000000,0.030000,0.030978
18000,0.030000,0.000000,0.030000,0.030953
18100,0.030000,0.000000,0.030000,0.030925
18200,0.030000,0.000000,0.030000,0.031470
18300,0.030000,0.010000,0.040000,0.031684
18400,0.030000,0.000000,0.030000,0.030598
18500,0.030000,0.000000,0.030000,0.030956
18600,0.030000,0.000000,0.030000,0.033112
18700,0.030000,0.000000,0.030000,0.031466
18800,0.030000,0.000000,0.030000,0.031267
18900,0.030000,0.000000,0.030000,0.030902
19000,0.030000,0.010000,0.040000,0.030759
19100,0.030000,0.000000,0.030000,0.032299
19200,0.030000,0.000000,0.030000,0.031225
19300,0.030000,0.000000,0.030000,0.033224
19400,0.030000,0.000000,0.030000,0.032258
19500,0.030000,0.000000,0.030000,0.033370
19600,0.030000,0.000000,0.030000,0.030765
19700,0.030000,0.010000,0.040000,0.030937
19800,0.030000,0.000000,0.030000,0.030992
19900,0.030000,0.000000,0.030000,0.031336
20000,0.030000,0.000000,0.030000,0.033034
20100,0.030000,0.000000,0.030000,0.031272
20200,0.030000,0.000000,0.030000,0.033170
20300,0.030000,0.010000,0.040000,0.032098
20400,0.030000,0.000000,0.030000,0.030945
20500,0.030000,0.000000,0.030000,0.030770
20600,0.040000,0.000000,0.040000,0.033200
20700,0.020000,0.000000,0.020000,0.030710
20800,0.020000,0.000000,0.020000,0.030870
20900,0.030000,0.000000,0.030000,0.030938
21000,0.030000,0.010000,0.040000,0.031465
21100,0.040000,0.000000,0.040000,0.033724
21200,0.030000,0.000000,0.030000,0.030798
21300,0.030000,0.000000,0.030000,0.031548
21400,0.030000,0.000000,0.030000,0.033179
21500,0.040000,0.020000,0.060000,0.056512
21600,0.030000,0.000000,0.030000,0.030994
21700,0.030000,0.000000,0.030000,0.030405
21800,0.030000,0.000000,0.030000,0.030408
21900,0.030000,0.000000,0.030000,0.032326
22000,0.030000,0.000000,0.030000,0.030256
22100,0.030000,0.000000,0.030000,0.031430
22200,0.030000,0.000000,0.030000,0.031996
22300,0.030000,0.010000,0.040000,0.033175
22400,0.030000,0.000000,0.030000,0.031208
22500,0.030000,0.000000,0.030000,0.030894
22600,0.030000,0.000000,0.030000,0.033126
22700,0.030000,0.000000,0.030000,0.031010
22800,0.030000,0.000000,0.030000,0.030975
22900,0.030000,0.000000,0.030000,0.030661
23000,0.030000,0.010000,0.040000,0.031041
23100,0.030000,0.000000,0.030000,0.033462
23200,0.030000,0.000000,0.030000,0.031017
23300,0.030000,0.000000,0.030000,0.032945
23400,0.030000,0.000000,0.030000,0.031080
23500,0.030000,0.000000,0.030000,0.030809
23600,0.030000,0.010000,0.040000,0.030936
23700,0.030000,0.000000,0.030000,0.030898
23800,0.030000,0.000000,0.030000,0.030775
23900,0.030000,0.000000,0.030000,0.030850
24000,0.030000,0.000000,0.030000,0.033069
24100,0.030000,0.000000,0.030000,0.030958
24200,0.030000,0.000000,0.030000,0.030830
24300,0.030000,0.010000,0.040000,0.032900
24400,0.030000,0.000000,0.030000,0.030772
24500,0.030000,0.000000,0.030000,0.031964
24600,0.030000,0.000000,0.030000,0.032025
24700,0.030000,0.000000,0.030000,0.031070
24800,0.040000,0.000000,0.040000,0.033711
24900,0.030000,0.000000,0.030000,0.031036
25000,0.030000,0.000000,0.030000,0.033276
25100,0.030000,0.000000,0.030000,0.030927
25200,0.030000,0.000000,0.030000,0.030852
25300,0.030000,0.000000,0.030000,0.030871
25400,0.020000,0.000000,0.020000,0.030845
25500,0.030000,0.000000,0.030000,0.030830
25600,0.030000,0.010000,0.040000,0.032611
25700,0.040000,0.000000,0.040000,0.054097
25800,0.030000,0.000000,0.030000,0.030528
25900,0.030000,0.010000,0.040000,0.033206
26000,0.030000,0.000000,0.030000,0.032807
26100,0.030000,0.000000,0.030000,0.030544
26200,0.030000,0.000000,0.030000,0.030932
26300,0.040000,0.000000,0.040000,0.032865
26400,0.030000,0.000000,0.030000,0.030826
26500,0.020000,0.000000,0.020000,0.030610
26600,0.030000,0.000000,0.030000,0.030870
26700,0.030000,0.010000,0.040000,0.031137
26800,0.040000,0.000000,0.040000,0.033852
26900,0.030000,0.000000,0.030000,0.030634
27000,0.030000,0.000000,0.030000,0.030645
27100,0.030000,0.000000,0.030000,0.033350
27200,0.030000,0.000000,0.030000,0.033657
27300,0.030000,0.000000,0.030000,0.031431
27400,0.030000,0.010000,0.040000,0.032788
27500,0.030000,0.000000,0.030000,0.030839
27600,0.060000,0.000000,0.060000,0.062948
27700,0.060000,0.000000,0.060000,0.062979
27800,0.060000,0.000000,0.060000,0.064915
27900,0.060000,0.010000,0.070000,0.062592
28000,0.060000,0.000000,0.060000,0.062501
28100,0.060000,0.000000,0.060000,0.063060
28200,0.060000,0.010000,0.070000,0.062665
28300,0.060000,0.000000,0.060000,0.062505
28400,0.060000,0.000000,0.060000,0.063935
28500,0.060000,0.000000,0.060000,0.062715
28600,0.070000,0.010000,0.080000,0.063940
28700,0.060000,0.000000,0.060000,0.063506
28800,0.060000,0.000000,0.060000,0.067415
28900,0.060000,0.000000,0.060000,0.062646
29000,0.060000,0.010000,0.070000,0.062932
29100,0.060000,0.000000,0.060000,0.064660
29200,0.060000,0.000000,0.060000,0.065009
29300,0.060000,0.010000,0.070000,0.063569
29400,0.060000,0.000000,0.060000,0.065368
29500,0.060000,0.000000,0.060000,0.062789
29600,0.060000,0.000000,0.060000,0.064303
29700,0.060000,0.000000,0.060000,0.065422
29800,0.060000,0.000000,0.060000,0.066168
29900,0.070000,0.010000,0.080000,0.068142
30000,0.060000,0.000000,0.060000,0.063471
30100,0.060000,0.000000,0.060000,0.065135
30200,0.060000,0.010000,0.070000,0.063333
30300,0.060000,0.000000,0.060000,0.062986
30400,0.060000,0.000000,0.060000,0.061843
30500,0.060000,0.000000,0.060000,0.061971
30600,0.060000,0.010000,0.070000,0.065399
30700,0.060000,0.000000,0.060000,0.063234
30800,0.060000,0.000000,0.060000,0.066252
30900,0.070000,0.010000,0.080000,0.065398
31000,0.060000,0.000000,0.060000,0.063670
31100,0.060000,0.000000,0.060000,0.065260
31200,0.060000,0.010000,0.070000,0.065374
31300,0.060000,0.000000,0.060000,0.067860
31400,0.070000,0.000000,0.070000,0.064704
31500,0.060000,0.010000,0.070000,0.064829
31600,0.060000,0.000000,0.060000,0.066824
31700,0.060000,0.010000,0.070000,0.070649
31800,0.060000,0.000000,0.060000,0.065883
31900,0.060000,0.000000,0.060000,0.065666
32000,0.070000,0.010000,0.080000,0.067209
32100,0.060000,0.000000,0.060000,0.066187
32200,0.060000,0.000000,0.060000,0.063400
32300,0.060000,0.010000,0.070000,0.064924
32400,0.060000,0.000000,0.060000,0.063074
32500,0.060000,0.000000,0.060000,0.064957
32600,0.060000,0.000000,0.060000,0.064192
32700,0.070000,0.010000,0.080000,0.065718
32800,0.060000,0.000000,0.060000,0.064900
32900,0.060000,0.010000,0.070000,0.063113
33000,0.060000,0.000000,0.060000,0.063136
33100,0.060000,0.000000,0.060000,0.065841
33200,0.060000,0.000000,0.060000,0.062809
33300,0.060000,0.010000,0.070000,0.063486
33400,0.060000,0.000000,0.060000,0.065301
33500,0.060000,0.000000,0.060000,0.065626
33600,0.060000,0.010000,0.070000,0.065030
33700,0.060000,0.000000,0.060000,0.063316
33800,0.070000,0.000000,0.070000,0.065204
33900,0.060000,0.010000,0.070000,0.063557
34000,0.060000,0.000000,0.060000,0.066455
34100,0.060000,0.000000,0.060000,0.065317
34200,0.060000,0.010000,0.070000,0.063906
34300,0.060000,0.000000,0.060000,0.065765
34400,0.060000,0.000000,0.060000,0.064402
34500,0.070000,0.010000,0.080000,0.065492
34600,0.060000,0.000000,0.060000,0.066093
34700,0.060000,0.010000,0.070000,0.064758
34800,0.060000,0.000000,0.060000,0.065016
34900,0.060000,0.000000,0.060000,0.096160
35000,0.060000,0.000000,0.060000,0.062729
35100,0.060000,0.000000,0.060000,0.064130
35200,0.060000,0.010000,0.070000,0.064016
35300,0.060000,0.000000,0.060000,0.065562
35400,0.060000,0.000000,0.060000,0.062636
35500,0.060000,0.000000,0.060000,0.063515
35600,0.060000,0.010000,0.070000,0.062920
35700,0.060000,0.000000,0.060000,0.064869
35800,0.060000,0.000000,0.060000,0.065356
35900,0.060000,0.010000,0.070000,0.062705
36000,0.060000,0.000000,0.060000,0.065185
36100,0.060000,0.000000,0.060000,0.064453
36200,0.060000,0.000000,0.060000,0.063849
36300,0.060000,0.010000,0.070000,0.062500
36400,0.070000,0.000000,0.070000,0.067316
36500,0.060000,0.000000,0.060000,0.063211
36600,0.060000,0.010000,0.070000,0.067307
36700,0.060000,0.000000,0.060000,0.068496
36800,0.060000,0.000000,0.060000,0.063718
36900,0.070000,0.010000,0.080000,0.067283
37000,0.060000,0.000000,0.060000,0.063110
37100,0.060000,0.000000,0.060000,0.062356
37200,0.060000,0.000000,0.060000,0.063047
37300,0.080000,0.010000,0.090000,0.088226
37400,0.060000,0.010000,0.070000,0.064024
37500,0.060000,0.000000,0.060000,0.063230
37600,0.060000,0.000000,0.060000,0.063659
37700,0.060000,0.000000,0.060000,0.063263
37800,0.060000,0.010000,0.070000,0.064065
37900,0.060000,0.000000,0.060000,0.063731
38000,0.060000,0.000000,0.060000,0.064645
38100,0.060000,0.010000,0.070000,0.062602
38200,0.070000,0.000000,0.070000,0.066634
38300,0.060000,0.000000,0.060000,0.062769
38400,0.060000,0.010000,0.070000,0.064800
38500,0.060000,0.000000,0.060000,0.063392
38600,0.060000,0.000000,0.060000,0.063693
38700,0.060000,0.000000,0.060000,0.062228
38800,0.060000,0.010000,0.070000,0.063453
38900,0.060000,0.000000,0.060000,0.064953
39000,0.060000,0.000000,0.060000,0.062564
39100,0.060000,0.010000,0.070000,0.063335
39200,0.060000,0.000000,0.060000,0.064605
39300,0.060000,0.000000,0.060000,0.064785
39400,0.060000,0.000000,0.060000,0.063238
39500,0.060000,0.010000,0.070000,0.062492
39600,0.070000,0.000000,0.070000,0.065238
39700,0.060000,0.000000,0.060000,0.065016
39800,0.060000,0.010000,0.070000,0.065073
39900,0.060000,0.000000,0.060000,0.062456
40000,0.060000,0.000000,0.060000,0.063169
40100,0.060000,0.000000,0.060000,0.065853
40200,0.070000,0.010000,0.080000,0.064793
40300,0.060000,0.000000,0.060000,0.063093
40400,0.060000,0.000000,0.060000,0.063571
40500,0.060000,0.010000,0.070000,0.065692
40600,0.060000,0.000000,0.060000,0.062618
40700,0.060000,0.000000,0.060000,0.066155
40800,0.060000,0.010000,0.070000,0.062304
40900,0.060000,0.000000,0.060000,0.063650
41000,0.060000,0.000000,0.060000,0.062472
41100,0.060000,0.000000,0.060000,0.064494
41200,0.060000,0.010000,0.070000,0.062517
41300,0.060000,0.000000,0.060000,0.063182
41400,0.070000,0.000000,0.070000,0.066039
41500,0.060000,0.010000,0.070000,0.062943
41600,0.060000,0.000000,0.060000,0.066852
41700,0.060000,0.000000,0.060000,0.064471
41800,0.060000,0.010000,0.070000,0.065843
41900,0.070000,0.000000,0.070000,0.065189
42000,0.060000,0.000000,0.060000,0.062886
42100,0.060000,0.000000,0.060000,0.064915
42200,0.060000,0.010000,0.070000,0.062958
42300,0.060000,0.000000,0.060000,0.065509
42400,0.060000,0.000000,0.060000,0.062550
42500,0.060000,0.010000,0.070000,0.064900
42600,0.060000,0.000000,0.060000,0.062686
42700,0.060000,0.000000,0.060000,0.065025
42800,0.060000,0.000000,0.060000,0.062815
42900,0.060000,0.010000,0.070000,0.063750
43000,0.070000,0.000000,0.070000,0.064035
43100,0.060000,0.000000,0.060000,0.065214
43200,0.060000,0.010000,0.070000,0.065347
43300,0.060000,0.000000,0.060000,0.062544
43400,0.060000,0.000000,0.060000,0.064902
43500,0.060000,0.000000,0.060000,0.063030
43600,0.060000,0.010000,0.070000,0.062872
43700,0.060000,0.000000,0.060000,0.063573
43800,0.060000,0.000000,0.060000,0.065243
43900,0.060000,0.010000,0.070000,0.062547
44000,0.060000,0.000000,0.060000,0.062994
44100,0.070000,0.000000,0.070000,0.065713
44200,0.060000,0.010000,0.070000,0.065791
44300,0.060000,0.000000,0.060000,0.063426
44400,0.060000,0.000000,0.060000,0.063128
44500,0.060000,0.010000,0.070000,0.063005
44600,0.060000,0.000000,0.060000,0.065808
44700,0.060000,0.000000,0.060000,0.066689
44800,0.070000,0.010000,0.080000,0.065395
44900,0.060000,0.000000,0.060000,0.062772
45000,0.060000,0.000000,0.060000,0.065677
45100,0.060000,0.010000,0.070000,0.065805
45200,0.060000,0.000000,0.060000,0.065948
45300,0.060000,0.000000,0.060000,0.062137
45400,0.060000,0.000000,0.060000,0.065610
45500,0.060000,0.010000,0.070000,0.063559
45600,0.060000,0.000000,0.060000,0.063170
45700,0.070000,0.000000,0.070000,0.067225
45800,0.060000,0.010000,0.070000,0.064079
45900,0.060000,0.000000,0.060000,0.066552
46000,0.060000,0.010000,0.070000,0.066324
46100,0.060000,0.000000,0.060000,0.062506
46200,0.070000,0.000000,0.070000,0.065803
46300,0.060000,0.000000,0.060000,0.062216
46400,0.060000,0.010000,0.070000,0.063008
46500,0.060000,0.000000,0.060000,0.062292
46600,0.060000,0.000000,0.060000,0.065036
46700,0.060000,0.010000,0.070000,0.065273
46800,0.060000,0.000000,0.060000,0.063237
46900,0.060000,0.000000,0.060000,0.063286
47000,0.060000,0.010000,0.070000,0.062987
47100,0.060000,0.000000,0.060000,0.062892
47200,0.060000,0.000000,0.060000,0.062745
47300,0.060000,0.000000,0.060000,0.065218
47400,0.060000,0.010000,0.070000,0.063027
47500,0.060000,0.000000,0.060000,0.064410
47600,0.060000,0.000000,0.060000,0.063429
47700,0.060000,0.010000,0.070000,0.063739
47800,0.070000,0.000000,0.070000,0.066223
47900,0.060000,0.000000,0.060000,0.065368
48000,0.060000,0.010000,0.070000,0.065110
48100,0.060000,0.000000,0.060000,0.063197
48200,0.060000,0.000000,0.060000,0.065875
48300,0.060000,0.010000,0.070000,0.066637
48400,0.060000,0.000000,0.060000,0.063175
48500,0.060000,0.000000,0.060000,0.063186
48600,0.070000,0.010000,0.080000,0.064361
48700,0.060000,0.000000,0.060000,0.065389
48800,0.060000,0.000000,0.060000,0.065378
48900,0.060000,0.010000,0.070000,0.063199
49000,0.060000,0.000000,0.060000,0.065513
49100,0.060000,0.000000,0.060000,0.063023
49200,0.060000,0.010000,0.070000,0.062949
49300,0.060000,0.000000,0.060000,0.065737
49400,0.070000,0.000000,0.070000,0.065809
49500,0.060000,0.010000,0.070000,0.062809
49600,0.060000,0.000000,0.060000,0.062792
49700,0.060000,0.000000,0.060000,0.063186
49800,0.060000,0.010000,0.070000,0.065808
49900,0.060000,0.000000,0.060000,0.062898
50000,0.060000,0.000000,0.060000,0.065130
50100,0.060000,0.010000,0.070000,0.063042
50200,0.060000,0.000000,0.060000,0.062989
50300,0.060000,0.000000,0.060000,0.063634
50400,0.060000,0.010000,0.070000,0.065326
50500,0.060000,0.000000,0.060000,0.063139
50600,0.060000,0.000000,0.060000,0.064322
50700,0.070000,0.010000,0.080000,0.065397
50800,0.060000,0.000000,0.060000,0.062943
50900,0.060000,0.000000,0.060000,0.063395
51000,0.060000,0.010000,0.070000,0.099889
51100,0.070000,0.010000,0.080000,0.064640
51200,0.060000,0.000000,0.060000,0.062302
51300,0.060000,0.000000,0.060000,0.064625
51400,0.060000,0.000000,0.060000,0.062437
51500,0.060000,0.010000,0.070000,0.064276
51600,0.060000,0.000000,0.060000,0.062986
51700,0.060000,0.000000,0.060000,0.062449
51800,0.060000,0.000000,0.060000,0.063464
51900,0.060000,0.010000,0.070000,0.062302
52000,0.130000,0.000000,0.130000,0.132231
52100,0.120000,0.010000,0.130000,0.127987
52200,0.120000,0.000000,0.120000,0.130561
52300,0.130000,0.010000,0.140000,0.129911
52400,0.120000,0.000000,0.120000,0.132887
52500,0.130000,0.010000,0.140000,0.132386
52600,0.130000,0.010000,0.140000,0.136839
52700,0.120000,0.000000,0.120000,0.152799
52800,0.130000,0.000000,0.130000,0.130910
52900,0.120000,0.010000,0.130000,0.131413
53000,0.130000,0.010000,0.140000,0.130077
53100,0.120000,0.000000,0.120000,0.131170
53200,0.130000,0.010000,0.140000,0.132670
53300,0.120000,0.000000,0.120000,0.130878
53400,0.130000,0.010000,0.140000,0.130470
53500,0.120000,0.000000,0.120000,0.130176
53600,0.120000,0.010000,0.130000,0.129327
53700,0.120000,0.000000,0.120000,0.131329
53800,0.130000,0.010000,0.140000,0.132235
53900,0.120000,0.010000,0.130000,0.132578
54000,0.130000,0.000000,0.130000,0.130121
54100,0.120000,0.010000,0.130000,0.128138
54200,0.130000,0.000000,0.130000,0.133518
54300,0.120000,0.010000,0.130000,0.131423
54400,0.130000,0.010000,0.140000,0.131865
54500,0.120000,0.000000,0.120000,0.130947
54600,0.130000,0.010000,0.140000,0.133833
54700,0.130000,0.010000,0.140000,0.134166
54800,0.120000,0.000000,0.120000,0.127615
54900,0.120000,0.010000,0.130000,0.130693
55000,0.130000,0.000000,0.130000,0.130597
55100,0.120000,0.010000,0.130000,0.131032
55200,0.130000,0.010000,0.140000,0.134567
55300,0.120000,0.000000,0.120000,0.128165
55400,0.130000,0.010000,0.140000,0.132869
55500,0.120000,0.000000,0.120000,0.128349
55600,0.130000,0.010000,0.140000,0.132211
55700,0.120000,0.010000,0.130000,0.129371
55800,0.120000,0.000000,0.120000,0.130446
55900,0.130000,0.010000,0.140000,0.134764
56000,0.130000,0.010000,0.140000,0.133112
56100,0.120000,0.000000,0.120000,0.132522
56200,0.130000,0.010000,0.140000,0.129778
56300,0.120000,0.000000,0.120000,0.133412
56400,0.130000,0.000000,0.130000,0.135618
56500,0.120000,0.010000,0.130000,0.131988
56600,0.130000,0.010000,0.140000,0.130876
56700,0.130000,0.000000,0.130000,0.133460
56800,0.120000,0.010000,0.130000,0.129315
56900,0.120000,0.010000,0.130000,0.133364
57000,0.130000,0.010000,0.140000,0.130766
57100,0.120000,0.000000,0.120000,0.132020
57200,0.130000,0.010000,0.140000,0.131556
57300,0.120000,0.010000,0.130000,0.131336
57400,0.120000,0.000000,0.120000,0.129246
57500,0.130000,0.010000,0.140000,0.133983
57600,0.130000,0.010000,0.140000,0.132153
57700,0.120000,0.000000,0.120000,0.136005
57800,0.130000,0.010000,0.140000,0.131114
57900,0.120000,0.010000,0.130000,0.132439
58000,0.130000,0.000000,0.130000,0.131941
58100,0.120000,0.010000,0.130000,0.133694
58200,0.130000,0.010000,0.140000,0.131998
58300,0.130000,0.000000,0.130000,0.133433
58400,0.120000,0.010000,0.130000,0.134394
58500,0.130000,0.010000,0.140000,0.133758
58600,0.120000,0.000000,0.120000,0.131204
58700,0.130000,0.010000,0.140000,0.131308
58800,0.120000,0.000000,0.120000,0.131625
58900,0.130000,0.010000,0.140000,0.129896
59000,0.120000,0.010000,0.130000,0.133069
59100,0.130000,0.000000,0.130000,0.136924
59200,0.130000,0.010000,0.140000,0.129359
59300,0.120000,0.010000,0.130000,0.131656
59400,0.120000,0.000000,0.120000,0.128738
59500,0.120000,0.010000,0.130000,0.127992
59600,0.130000,0.000000,0.130000,0.131887
59700,0.130000,0.010000,0.140000,0.133718
59800,0.120000,0.010000,0.130000,0.131587
59900,0.130000,0.000000,0.130000,0.168402
60000,0.130000,0.010000,0.140000,0.128742
60100,0.120000,0.000000,0.120000,0.127278
60200,0.130000,0.010000,0.140000,0.131645
60300,0.120000,0.000000,0.120000,0.129766
60400,0.120000,0.010000,0.130000,0.130336
60500,0.130000,0.000000,0.130000,0.133150
60600,0.130000,0.010000,0.140000,0.130375
60700,0.120000,0.000000,0.120000,0.132926
60800,0.130000,0.010000,0.140000,0.130066
60900,0.120000,0.010000,0.130000,0.131981
61000,0.130000,0.000000,0.130000,0.130724
61100,0.120000,0.010000,0.130000,0.131161
61200,0.140000,0.010000,0.150000,0.153516
61300,0.130000,0.010000,0.140000,0.129129
61400,0.120000,0.000000,0.120000,0.131588
61500,0.130000,0.010000,0.140000,0.129872
61600,0.120000,0.000000,0.120000,0.130473
61700,0.130000,0.010000,0.140000,0.131065
61800,0.120000,0.010000,0.130000,0.130870
61900,0.130000,0.000000,0.130000,0.132393
62000,0.120000,0.010000,0.130000,0.132332
62100,0.130000,0.000000,0.130000,0.132929
62200,0.130000,0.010000,0.140000,0.131662
62300,0.120000,0.000000,0.120000,0.131020
62400,0.120000,0.010000,0.130000,0.131066
62500,0.130000,0.010000,0.140000,0.135877
62600,0.120000,0.000000,0.120000,0.131501
62700,0.120000,0.010000,0.130000,0.130940
62800,0.130000,0.010000,0.140000,0.129436
62900,0.120000,0.000000,0.120000,0.131403
63000,0.130000,0.010000,0.140000,0.134310
63100,0.130000,0.010000,0.140000,0.133445
63200,0.120000,0.000000,0.120000,0.131380
63300,0.130000,0.010000,0.140000,0.131556
63400,0.120000,0.000000,0.120000,0.133046
63500,0.120000,0.010000,0.130000,0.129588
63600,0.120000,0.010000,0.130000,0.131113
63700,0.120000,0.000000,0.120000,0.131669
63800,0.130000,0.010000,0.140000,0.131763
63900,0.120000,0.010000,0.130000,0.130765
64000,0.130000,0.000000,0.130000,0.130840
64100,0.120000,0.010000,0.130000,0.131427
64200,0.130000,0.000000,0.130000,0.130365
64300,0.130000,0.010000,0.140000,0.134220
64400,0.120000,0.010000,0.130000,0.128681
64500,0.130000,0.000000,0.130000,0.134017
64600,0.120000,0.010000,0.130000,0.129217
64700,0.130000,0.010000,0.140000,0.136504
64800,0.120000,0.000000,0.120000,0.127917
64900,0.120000,0.010000,0.130000,0.131436
65000,0.130000,0.000000,0.130000,0.131137
65100,0.120000,0.000000,0.120000,0.128917
65200,0.130000,0.010000,0.140000,0.131942
65300,0.120000,0.000000,0.120000,0.130898
65400,0.120000,0.010000,0.130000,0.130929
65500,0.130000,0.010000,0.140000,0.131177
65600,0.130000,0.000000,0.130000,0.132932
65700,0.120000,0.010000,0.130000,0.132707
65800,0.130000,0.010000,0.140000,0.131490
65900,0.120000,0.000000,0.120000,0.129914
66000,0.130000,0.010000,0.140000,0.132785
66100,0.120000,0.000000,0.120000,0.132044
66200,0.130000,0.010000,0.140000,0.130779
66300,0.120000,0.010000,0.130000,0.134828
66400,0.130000,0.010000,0.140000,0.131669
66500,0.130000,0.000000,0.130000,0.137394
66600,0.130000,0.010000,0.140000,0.134075
66700,0.120000,0.010000,0.130000,0.133659
66800,0.130000,0.000000,0.130000,0.135058
66900,0.120000,0.010000,0.130000,0.131699
67000,0.130000,0.010000,0.140000,0.129375
67100,0.120000,0.000000,0.120000,0.129540
67200,0.120000,0.010000,0.130000,0.131460
67300,0.130000,0.010000,0.140000,0.129144
67400,0.120000,0.000000,0.120000,0.131646
67500,0.130000,0.010000,0.140000,0.131125
67600,0.120000,0.010000,0.130000,0.132992
67700,0.130000,0.000000,0.130000,0.130760
67800,0.120000,0.010000,0.130000,0.130317
67900,0.130000,0.000000,0.130000,0.131389
68000,0.120000,0.010000,0.130000,0.131241
68100,0.120000,0.010000,0.130000,0.133025
68200,0.120000,0.000000,0.120000,0.129978
68300,0.130000,0.010000,0.140000,0.134138
68400,0.120000,0.010000,0.130000,0.127823
68500,0.120000,0.000000,0.120000,0.132201
68600,0.130000,0.010000,0.140000,0.133153
68700,0.120000,0.010000,0.130000,0.130674
68800,0.130000,0.010000,0.140000,0.134598
68900,0.130000,0.000000,0.130000,0.133265
69000,0.130000,0.010000,0.140000,0.133799
69100,0.120000,0.000000,0.120000,0.127815
69200,0.120000,0.000000,0.120000,0.133649
69300,0.120000,0.010000,0.130000,0.131787
69400,0.130000,0.010000,0.140000,0.134053
69500,0.120000,0.000000,0.120000,0.131755
69600,0.130000,0.010000,0.140000,0.132911
69700,0.120000,0.010000,0.130000,0.131886
69800,0.130000,0.000000,0.130000,0.133467
69900,0.130000,0.010000,0.140000,0.133094
70000,0.120000,0.010000,0.130000,0.133288
70100,0.130000,0.000000,0.130000,0.131748
70200,0.120000,0.010000,0.130000,0.132624
70300,0.130000,0.010000,0.140000,0.134508
70400,0.120000,0.000000,0.120000,0.131056
70500,0.130000,0.010000,0.140000,0.129106
70600,0.120000,0.010000,0.130000,0.131917
70700,0.130000,0.000000,0.130000,0.134059
70800,0.120000,0.010000,0.130000,0.133532
70900,0.120000,0.010000,0.130000,0.131270
71000,0.120000,0.000000,0.120000,0.131364
71100,0.130000,0.010000,0.140000,0.132704
71200,0.130000,0.010000,0.140000,0.132432
71300,0.120000,0.000000,0.120000,0.128910
71400,0.120000,0.010000,0.130000,0.132944
71500,0.130000,0.010000,0.140000,0.133655
71600,0.120000,0.000000,0.120000,0.128967
71700,0.130000,0.010000,0.140000,0.130104
71800,0.120000,0.010000,0.130000,0.131844
71900,0.130000,0.000000,0.130000,0.132582
72000,0.120000,0.010000,0.130000,0.131327
72100,0.130000,0.010000,0.140000,0.132194
72200,0.120000,0.000000,0.120000,0.135119
72300,0.130000,0.010000,0.140000,0.172377
72400,0.120000,0.010000,0.130000,0.129054
72500,0.130000,0.000000,0.130000,0.128965
72600,0.120000,0.010000,0.130000,0.127351
72700,0.120000,0.000000,0.120000,0.129788
72800,0.130000,0.010000,0.140000,0.131060
72900,0.120000,0.000000,0.120000,0.130127
73000,0.130000,0.010000,0.140000,0.130618
73100,0.120000,0.000000,0.120000,0.131295
73200,0.130000,0.010000,0.140000,0.127442
73300,0.120000,0.000000,0.120000,0.133637
73400,0.130000,0.010000,0.140000,0.132647
73500,0.120000,0.000000,0.120000,0.129986
73600,0.130000,0.010000,0.140000,0.136088
73700,0.130000,0.010000,0.140000,0.130618
73800,0.120000,0.000000,0.120000,0.131532
73900,0.130000,0.010000,0.140000,0.129876
74000,0.120000,0.000000,0.120000,0.128979
74100,0.130000,0.000000,0.130000,0.132766
74200,0.120000,0.010000,0.130000,0.129776
74300,0.130000,0.010000,0.140000,0.136845
74400,0.120000,0.000000,0.120000,0.133091
74500,0.130000,0.010000,0.140000,0.135121
74600,0.130000,0.010000,0.140000,0.129710
74700,0.120000,0.000000,0.120000,0.132559
74800,0.120000,0.010000,0.130000,0.129367
74900,0.130000,0.000000,0.130000,0.128697
75000,0.120000,0.010000,0.130000,0.128703
75100,0.120000,0.010000,0.130000,0.132182
75200,0.130000,0.000000,0.130000,0.128729
75300,0.120000,0.010000,0.130000,0.133848
75400,0.130000,0.010000,0.140000,0.129351
75500,0.120000,0.000000,0.120000,0.131023
75600,0.130000,0.010000,0.140000,0.133393
75700,0.120000,0.000000,0.120000,0.131376
75800,0.130000,0.010000,0.140000,0.132758
75900,0.130000,0.010000,0.140000,0.133993
76000,0.130000,0.000000,0.130000,0.135836
76100,0.120000,0.010000,0.130000,0.131848
76200,0.130000,0.010000,0.140000,0.132356
76300,0.120000,0.000000,0.120000,0.129052
76400,0.130000,0.010000,0.140000,0.134342
76500,0.120000,0.010000,0.130000,0.131818
76600,0.130000,0.000000,0.130000,0.131439
76700,0.120000,0.010000,0.130000,0.128389
76800,0.120000,0.010000,0.130000,0.131250
76900,0.130000,0.000000,0.130000,0.131066
77000,0.120000,0.010000,0.130000,0.129035
77100,0.120000,0.000000,0.120000,0.131427
77200,0.130000,0.010000,0.140000,0.132786
77300,0.120000,0.010000,0.130000,0.131369
77400,0.130000,0.000000,0.130000,0.131249
77500,0.120000,0.010000,0.130000,0.129824
77600,0.130000,0.010000,0.140000,0.131845
77700,0.120000,0.010000,0.130000,0.133453
77800,0.130000,0.000000,0.130000,0.131368
77900,0.120000,0.010000,0.130000,0.134392
78000,0.130000,0.010000,0.140000,0.129779
78100,0.120000,0.000000,0.120000,0.133610
78200,0.130000,0.010000,0.140000,0.132483
78300,0.120000,0.010000,0.130000,0.131052
78400,0.130000,0.000000,0.130000,0.131496
78500,0.120000,0.010000,0.130000,0.131635
78600,0.130000,0.010000,0.140000,0.135858
78700,0.130000,0.000000,0.130000,0.134150
78800,0.120000,0.010000,0.130000,0.131915
78900,0.130000,0.010000,0.140000,0.131353
79000,0.120000,0.000000,0.120000,0.128581
79100,0.130000,0.010000,0.140000,0.131271
79200,0.120000,0.000000,0.120000,0.128243
79300,0.130000,0.010000,0.140000,0.134991
79400,0.120000,0.010000,0.130000,0.134254
79500,0.130000,0.000000,0.130000,0.135211
79600,0.130000,0.010000,0.140000,0.135167
79700,0.120000,0.010000,0.130000,0.132669
79800,0.130000,0.000000,0.130000,0.129482
79900,0.120000,0.010000,0.130000,0.132167
80000,0.130000,0.010000,0.140000,0.132367
80100,0.120000,0.010000,0.130000,0.130969
80200,0.130000,0.000000,0.130000,0.133017
80300,0.120000,0.010000,0.130000,0.134451
80400,0.130000,0.010000,0.140000,0.131379
80500,0.120000,0.000000,0.120000,0.132856
80600,0.130000,0.010000,0.140000,0.131846
80700,0.120000,0.010000,0.130000,0.131582
80800,0.130000,0.010000,0.140000,0.131559
80900,0.130000,0.000000,0.130000,0.135370
81000,0.120000,0.010000,0.130000,0.132069
81100,0.130000,0.010000,0.140000,0.131793
81200,0.120000,0.000000,0.120000,0.129657
81300,0.120000,0.010000,0.130000,0.132459
81400,0.120000,0.010000,0.130000,0.131498
81500,0.120000,0.000000,0.120000,0.129417
81600,0.130000,0.010000,0.140000,0.131566
81700,0.120000,0.010000,0.130000,0.131547
81800,0.130000,0.000000,0.130000,0.129446
81900,0.120000,0.010000,0.130000,0.130232
82000,0.120000,0.000000,0.120000,0.131510
82100,0.130000,0.010000,0.140000,0.129593
82200,0.130000,0.010000,0.140000,0.137189
82300,0.120000,0.000000,0.120000,0.131591
82400,0.120000,0.010000,0.130000,0.129621
82500,0.130000,0.010000,0.140000,0.133897
82600,0.130000,0.010000,0.140000,0.131475
82700,0.120000,0.000000,0.120000,0.131906
82800,0.120000,0.010000,0.130000,0.132183
82900,0.120000,0.010000,0.130000,0.135396
83000,0.130000,0.000000,0.130000,0.131821
83100,0.120000,0.010000,0.130000,0.132598
83200,0.130000,0.010000,0.140000,0.136533
83300,0.130000,0.000000,0.130000,0.134398
83400,0.120000,0.010000,0.130000,0.129190
83500,0.130000,0.010000,0.140000,0.171724
83600,0.120000,0.000000,0.120000,0.132755
83700,0.130000,0.010000,0.140000,0.130754
83800,0.120000,0.000000,0.120000,0.127457
83900,0.130000,0.010000,0.140000,0.132349
84000,0.120000,0.000000,0.120000,0.129718
84100,0.120000,0.010000,0.130000,0.130291
84200,0.130000,0.010000,0.140000,0.129254
84300,0.130000,0.000000,0.130000,0.134574
84400,0.120000,0.010000,0.130000,0.131562
84500,0.120000,0.000000,0.120000,0.127766
84600,0.130000,0.010000,0.140000,0.130189
84700,0.130000,0.010000,0.140000,0.134431
84800,0.120000,0.000000,0.120000,0.134567
84900,0.130000,0.010000,0.140000,0.129707
85000,0.120000,0.000000,0.120000,0.128695
85100,0.120000,0.010000,0.130000,0.130517
85200,0.130000,0.000000,0.130000,0.131225
85300,0.120000,0.010000,0.130000,0.130614
85400,0.130000,0.010000,0.140000,0.128812
85500,0.120000,0.000000,0.120000,0.131102
85600,0.130000,0.010000,0.140000,0.131749
85700,0.120000,0.010000,0.130000,0.135190
85800,0.130000,0.000000,0.130000,0.131021
85900,0.120000,0.010000,0.130000,0.132156
86000,0.130000,0.000000,0.130000,0.132752
86100,0.130000,0.010000,0.140000,0.130978
86200,0.120000,0.010000,0.130000,0.130897
86300,0.130000,0.000000,0.130000,0.130818
86400,0.120000,0.010000,0.130000,0.130905
86500,0.120000,0.000000,0.120000,0.131481
86600,0.120000,0.010000,0.130000,0.136238
86700,0.130000,0.010000,0.140000,0.130295
86800,0.120000,0.000000,0.120000,0.130978
86900,0.130000,0.010000,0.140000,0.132201
87000,0.120000,0.010000,0.130000,0.131629
87100,0.130000,0.000000,0.130000,0.129796
87200,0.120000,0.010000,0.130000,0.134722
87300,0.130000,0.010000,0.140000,0.133475
87400,0.130000,0.000000,0.130000,0.131490
87500,0.120000,0.010000,0.130000,0.131685
87600,0.130000,0.010000,0.140000,0.134477
87700,0.120000,0.000000,0.120000,0.131396
87800,0.130000,0.010000,0.140000,0.128932
87900,0.120000,0.010000,0.130000,0.129460
88000,0.120000,0.000000,0.120000,0.133493
88100,0.130000,0.010000,0.140000,0.131905
88200,0.130000,0.010000,0.140000,0.134317
88300,0.120000,0.000000,0.120000,0.131454
88400,0.130000,0.010000,0.140000,0.131156
88500,0.120000,0.000000,0.120000,0.132723
88600,0.130000,0.010000,0.140000,0.132922
88700,0.120000,0.010000,0.130000,0.130880
88800,0.130000,0.000000,0.130000,0.128740
88900,0.120000,0.010000,0.130000,0.131756
89000,0.130000,0.010000,0.140000,0.134423
89100,0.120000,0.000000,0.120000,0.132476
89200,0.130000,0.010000,0.140000,0.130159
89300,0.120000,0.010000,0.130000,0.134704
89400,0.130000,0.000000,0.130000,0.131650
89500,0.130000,0.010000,0.140000,0.138057
89600,0.120000,0.010000,0.130000,0.128779
89700,0.130000,0.000000,0.130000,0.131594
89800,0.120000,0.010000,0.130000,0.131713
89900,0.120000,0.010000,0.130000,0.129413
90000,0.130000,0.000000,0.130000,0.132044
90100,0.130000,0.010000,0.140000,0.133997
90200,0.120000,0.010000,0.130000,0.133315
90300,0.130000,0.000000,0.130000,0.131864
90400,0.120000,0.010000,0.130000,0.130383
90500,0.130000,0.010000,0.140000,0.134396
90600,0.120000,0.000000,0.120000,0.135924
90700,0.120000,0.010000,0.130000,0.129352
90800,0.120000,0.010000,0.130000,0.132765
90900,0.130000,0.000000,0.130000,0.131494
91000,0.130000,0.010000,0.140000,0.134286
91100,0.120000,0.010000,0.130000,0.129808
91200,0.120000,0.000000,0.120000,0.129450
91300,0.130000,0.000000,0.130000,0.132928
91400,0.120000,0.010000,0.130000,0.132654
91500,0.130000,0.010000,0.140000,0.132492
91600,0.120000,0.000000,0.120000,0.128888
91700,0.120000,0.010000,0.130000,0.129265
91800,0.130000,0.010000,0.140000,0.133364
91900,0.120000,0.000000,0.120000,0.133183
92000,0.130000,0.010000,0.140000,0.128900
92100,0.120000,0.010000,0.130000,0.131614
92200,0.130000,0.000000,0.130000,0.130914
92300,0.120000,0.010000,0.130000,0.129892
92400,0.130000,0.010000,0.140000,0.131943
92500,0.120000,0.000000,0.120000,0.129178
92600,0.130000,0.010000,0.140000,0.134596
92700,0.120000,0.010000,0.130000,0.130798
92800,0.120000,0.000000,0.120000,0.131425
92900,0.130000,0.010000,0.140000,0.131775
93000,0.120000,0.000000,0.120000,0.132183
93100,0.130000,0.010000,0.140000,0.129951
93200,0.120000,0.010000,0.130000,0.131734
93300,0.130000,0.000000,0.130000,0.131774
93400,0.120000,0.010000,0.130000,0.132633
93500,0.130000,0.010000,0.140000,0.129371
93600,0.120000,0.000000,0.120000,0.131701
93700,0.130000,0.010000,0.140000,0.133151
93800,0.130000,0.010000,0.140000,0.136837
93900,0.130000,0.010000,0.140000,0.136998
94000,0.120000,0.000000,0.120000,0.132982
94100,0.130000,0.010000,0.140000,0.132911
94200,0.120000,0.010000,0.130000,0.129717
94300,0.130000,0.000000,0.130000,0.131871
94400,0.120000,0.010000,0.130000,0.132194
94500,0.130000,0.010000,0.140000,0.133589
94600,0.120000,0.000000,0.120000,0.132228
94700,0.130000,0.010000,0.140000,0.170052
94800,0.130000,0.010000,0.140000,0.132233
94900,0.120000,0.000000,0.120000,0.128880
95000,0.130000,0.010000,0.140000,0.129631
95100,0.120000,0.000000,0.120000,0.130816
95200,0.130000,0.010000,0.140000,0.130199
95300,0.120000,0.000000,0.120000,0.130064
95400,0.130000,0.010000,0.140000,0.130114
95500,0.120000,0.010000,0.130000,0.131092
95600,0.130000,0.000000,0.130000,0.131655
95700,0.120000,0.010000,0.130000,0.129703
95800,0.120000,0.000000,0.120000,0.128143
95900,0.130000,0.010000,0.140000,0.130620
96000,0.120000,0.000000,0.120000,0.133012
96100,0.130000,0.010000,0.140000,0.129368
96200,0.120000,0.010000,0.130000,0.133513
96300,0.130000,0.000000,0.130000,0.132093
96400,0.130000,0.010000,0.140000,0.133646
96500,0.120000,0.000000,0.120000,0.133926
96600,0.130000,0.010000,0.140000,0.128575
96700,0.120000,0.010000,0.130000,0.129414
96800,0.130000,0.000000,0.130000,0.134960
96900,0.120000,0.010000,0.130000,0.129388
97000,0.120000,0.010000,0.130000,0.129453
97100,0.130000,0.000000,0.130000,0.132719
97200,0.130000,0.010000,0.140000,0.132544
97300,0.120000,0.010000,0.130000,0.131305
97400,0.130000,0.000000,0.130000,0.134658
97500,0.120000,0.010000,0.130000,0.128950
97600,0.130000,0.000000,0.130000,0.130679
97700,0.120000,0.010000,0.130000,0.134082
97800,0.130000,0.010000,0.140000,0.130171
97900,0.120000,0.000000,0.120000,0.130949
98000,0.130000,0.010000,0.140000,0.129757
98100,0.120000,0.010000,0.130000,0.132776
98200,0.120000,0.000000,0.120000,0.130108
98300,0.240000,0.020000,0.260000,0.247706
98400,0.230000,0.010000,0.240000,0.242335
98500,0.230000,0.010000,0.240000,0.240146
98600,0.230000,0.010000,0.240000,0.242194
98700,0.230000,0.010000,0.240000,0.242062
98800,0.230000,0.010000,0.240000,0.242108
98900,0.230000,0.010000,0.240000,0.241231
99000,0.230000,0.010000,0.240000,0.242502
99100,0.230000,0.020000,0.250000,0.242718
99200,0.230000,0.010000,0.240000,0.245893
99300,0.230000,0.010000,0.240000,0.242224
99400,0.240000,0.010000,0.250000,0.246016
99500,0.230000,0.010000,0.240000,0.245028
99600,0.230000,0.010000,0.240000,0.241763
99700,0.230000,0.010000,0.240000,0.240484
99800,0.230000,0.020000,0.250000,0.245342
99900,0.230000,0.010000,0.240000,0.246609
100000,0.230000,0.010000,0.240000,0.241457
